notebook,experiment,dataset,classes,augmentation,accuracy,precision,recall,f1,specificity,parameters,train_time_min,best_val_acc,verification_status,notes
NB1_Wheat_Hybrid,Primary single-dataset hybrid,Wheat Disease Detection Dataset,3,None,97.8102%,97.8202%,97.8102%,97.8100%,98.5365%,59775267,6.8987,95.2555%,Verified from repository metrics_summary.csv,"Test report has zero support for Wheat_Healthy; macro metrics are therefore not representative of all three classes and should be audited before journal submission."
NB2_Cotton_Hybrid,Primary single-dataset hybrid,Cotton Plant Disease Dataset,6,None,53.5466%,53.0072%,53.5466%,51.6565%,90.7079%,59775462,15.6567,55.2925%,Verified from repository metrics_summary.csv,"Per-class report confirms substantial class confusion; this result should not be replaced by the earlier 99% draft claim."
NB3_PlantVillage_Hybrid,Primary single-dataset hybrid,PlantVillage selected classes,15,None,97.6744%,97.6824%,97.6744%,97.6761%,99.8332%,59776047,56.1479,97.8036%,Verified from repository metrics_summary.csv,"Per-class report is available in the repository and should be used for detailed analysis."
NB4_Combined_StandardInception,Architecture ablation baseline,Combined dataset,24,None,95.3278%,95.3359%,95.3278%,95.3158%,99.7984%,270656,59.0842,95.7436%,Verified from repository metrics_summary.csv,"Standard Inception baseline uses concatenative branch fusion."
NB5_Combined_ResNet,Architecture ablation baseline,Combined dataset,24,None,96.0372%,96.0310%,96.0372%,96.0184%,99.8288%,741720,27.9221,96.1350%,Verified from repository metrics_summary.csv,"Residual-addition comparator."
NB6_Combined_InceptionAdd,Architecture ablation,Combined dataset,24,None,,,,,,, , ,Not numerically verified from current repository logs,"Notebook retained because it is part of the original experimental design; insert metrics only after locating its executed output/log."
NB7_Combined_SkipConcat,Architecture ablation,Combined dataset,24,None,,,,,,, , ,Not numerically verified from current repository logs,"Notebook retained because it is part of the original experimental design; insert metrics only after locating its executed output/log."
Combined augmented study,Augmentation study,Combined dataset,24,Strategic augmentation,97.06%,97.07%,97.06%,97.06%,99.87%,933426,, ,Reported in original draft but not independently re-derived here,"Treat as draft-reported until matched to the executed augmentation notebook/log."
SoyDisease,External crop evaluation,Soybean India dataset,6,To be reported from executed SoyDisease notebook,,,,,,,,Not numerically verified in current text logs,"Original dataset contains 3363 images; the processed subset described in repository evidence contains 1176 images with class counts Healthy 288, Vein Necrosis 138, Dry Leaf 230, Septoria Brown Spot 284, Root Images 10, Bacterial Leaf Blight 226."
